{
    "value0": {
        "”{—¦": 0.009999999776482582,
        "Œ¸‚é—Ê": 0.10000000149011612,
        "”¼Œa": 500.0
    }
}